-- phpMyAdmin SQL Dump
-- version 5.2.1
-- https://www.phpmyadmin.net/
--
-- Host: 127.0.0.1
-- Generation Time: Nov 20, 2024 at 12:52 PM
-- Server version: 10.4.32-MariaDB
-- PHP Version: 8.2.12

SET SQL_MODE = "NO_AUTO_VALUE_ON_ZERO";
START TRANSACTION;
SET time_zone = "+00:00";


/*!40101 SET @OLD_CHARACTER_SET_CLIENT=@@CHARACTER_SET_CLIENT */;
/*!40101 SET @OLD_CHARACTER_SET_RESULTS=@@CHARACTER_SET_RESULTS */;
/*!40101 SET @OLD_COLLATION_CONNECTION=@@COLLATION_CONNECTION */;
/*!40101 SET NAMES utf8mb4 */;

--
-- Database: `laravel11db`
--

-- --------------------------------------------------------

--
-- Table structure for table `brands`
--

CREATE TABLE `brands` (
  `id` bigint(20) UNSIGNED NOT NULL,
  `name` varchar(255) NOT NULL,
  `slug` varchar(255) NOT NULL,
  `image` varchar(255) DEFAULT NULL,
  `created_at` timestamp NULL DEFAULT NULL,
  `updated_at` timestamp NULL DEFAULT NULL
) ENGINE=InnoDB DEFAULT CHARSET=utf8mb4 COLLATE=utf8mb4_unicode_ci;

--
-- Dumping data for table `brands`
--

INSERT INTO `brands` (`id`, `name`, `slug`, `image`, `created_at`, `updated_at`) VALUES
(2, 'brand 1', 'brand-1', '1729768834.jpg', '2024-10-24 04:20:34', '2024-10-24 04:20:34'),
(3, 'brand 2', 'brand-2', '1729768879.jpg', '2024-10-24 04:21:19', '2024-10-24 04:21:19'),
(4, 'brand 3', 'brand-3', '1729769241.jpg', '2024-10-24 04:27:21', '2024-10-24 04:27:21');

-- --------------------------------------------------------

--
-- Table structure for table `cache`
--

CREATE TABLE `cache` (
  `key` varchar(255) NOT NULL,
  `value` mediumtext NOT NULL,
  `expiration` int(11) NOT NULL
) ENGINE=InnoDB DEFAULT CHARSET=utf8mb4 COLLATE=utf8mb4_unicode_ci;

-- --------------------------------------------------------

--
-- Table structure for table `cache_locks`
--

CREATE TABLE `cache_locks` (
  `key` varchar(255) NOT NULL,
  `owner` varchar(255) NOT NULL,
  `expiration` int(11) NOT NULL
) ENGINE=InnoDB DEFAULT CHARSET=utf8mb4 COLLATE=utf8mb4_unicode_ci;

-- --------------------------------------------------------

--
-- Table structure for table `categories`
--

CREATE TABLE `categories` (
  `id` bigint(20) UNSIGNED NOT NULL,
  `name` varchar(255) NOT NULL,
  `slug` varchar(255) NOT NULL,
  `image` varchar(255) DEFAULT NULL,
  `parent_id` varchar(255) DEFAULT NULL,
  `created_at` timestamp NULL DEFAULT NULL,
  `updated_at` timestamp NULL DEFAULT NULL
) ENGINE=InnoDB DEFAULT CHARSET=utf8mb4 COLLATE=utf8mb4_unicode_ci;

--
-- Dumping data for table `categories`
--

INSERT INTO `categories` (`id`, `name`, `slug`, `image`, `parent_id`, `created_at`, `updated_at`) VALUES
(1, 'category 1', 'category-1', '1730283479.jpg', NULL, '2024-10-30 03:17:59', '2024-10-30 03:17:59'),
(2, 'category 2', 'category-2', '1730285898.jpg', NULL, '2024-10-30 03:58:18', '2024-10-30 03:58:18');

-- --------------------------------------------------------

--
-- Table structure for table `failed_jobs`
--

CREATE TABLE `failed_jobs` (
  `id` bigint(20) UNSIGNED NOT NULL,
  `uuid` varchar(255) NOT NULL,
  `connection` text NOT NULL,
  `queue` text NOT NULL,
  `payload` longtext NOT NULL,
  `exception` longtext NOT NULL,
  `failed_at` timestamp NOT NULL DEFAULT current_timestamp()
) ENGINE=InnoDB DEFAULT CHARSET=utf8mb4 COLLATE=utf8mb4_unicode_ci;

-- --------------------------------------------------------

--
-- Table structure for table `jobs`
--

CREATE TABLE `jobs` (
  `id` bigint(20) UNSIGNED NOT NULL,
  `queue` varchar(255) NOT NULL,
  `payload` longtext NOT NULL,
  `attempts` tinyint(3) UNSIGNED NOT NULL,
  `reserved_at` int(10) UNSIGNED DEFAULT NULL,
  `available_at` int(10) UNSIGNED NOT NULL,
  `created_at` int(10) UNSIGNED NOT NULL
) ENGINE=InnoDB DEFAULT CHARSET=utf8mb4 COLLATE=utf8mb4_unicode_ci;

-- --------------------------------------------------------

--
-- Table structure for table `job_batches`
--

CREATE TABLE `job_batches` (
  `id` varchar(255) NOT NULL,
  `name` varchar(255) NOT NULL,
  `total_jobs` int(11) NOT NULL,
  `pending_jobs` int(11) NOT NULL,
  `failed_jobs` int(11) NOT NULL,
  `failed_job_ids` longtext NOT NULL,
  `options` mediumtext DEFAULT NULL,
  `cancelled_at` int(11) DEFAULT NULL,
  `created_at` int(11) NOT NULL,
  `finished_at` int(11) DEFAULT NULL
) ENGINE=InnoDB DEFAULT CHARSET=utf8mb4 COLLATE=utf8mb4_unicode_ci;

-- --------------------------------------------------------

--
-- Table structure for table `migrations`
--

CREATE TABLE `migrations` (
  `id` int(10) UNSIGNED NOT NULL,
  `migration` varchar(255) NOT NULL,
  `batch` int(11) NOT NULL
) ENGINE=InnoDB DEFAULT CHARSET=utf8mb4 COLLATE=utf8mb4_unicode_ci;

--
-- Dumping data for table `migrations`
--

INSERT INTO `migrations` (`id`, `migration`, `batch`) VALUES
(10, '0001_01_01_000000_create_users_table', 1),
(11, '0001_01_01_000001_create_cache_table', 1),
(12, '0001_01_01_000002_create_jobs_table', 1),
(13, '2024_10_17_161346_create_brands_table', 2),
(16, '2024_10_30_072321_create_categories_table', 3),
(17, '2024_10_30_090856_create_products_table', 3);

-- --------------------------------------------------------

--
-- Table structure for table `password_reset_tokens`
--

CREATE TABLE `password_reset_tokens` (
  `email` varchar(255) NOT NULL,
  `token` varchar(255) NOT NULL,
  `created_at` timestamp NULL DEFAULT NULL
) ENGINE=InnoDB DEFAULT CHARSET=utf8mb4 COLLATE=utf8mb4_unicode_ci;

-- --------------------------------------------------------

--
-- Table structure for table `products`
--

CREATE TABLE `products` (
  `id` bigint(20) UNSIGNED NOT NULL,
  `name` varchar(255) NOT NULL,
  `slug` varchar(255) NOT NULL,
  `short_description` varchar(255) DEFAULT NULL,
  `description` text NOT NULL,
  `regular_price` decimal(8,2) NOT NULL,
  `sale_price` decimal(8,2) DEFAULT NULL,
  `SKU` varchar(255) NOT NULL,
  `stock_status` enum('instock','outofstock') NOT NULL,
  `featured` tinyint(1) NOT NULL DEFAULT 0,
  `quantity` int(10) UNSIGNED NOT NULL DEFAULT 10,
  `image` varchar(255) DEFAULT NULL,
  `images` text DEFAULT NULL,
  `category_id` bigint(20) UNSIGNED DEFAULT NULL,
  `brand_id` bigint(20) UNSIGNED DEFAULT NULL,
  `created_at` timestamp NULL DEFAULT NULL,
  `updated_at` timestamp NULL DEFAULT NULL
) ENGINE=InnoDB DEFAULT CHARSET=utf8mb4 COLLATE=utf8mb4_unicode_ci;

--
-- Dumping data for table `products`
--

INSERT INTO `products` (`id`, `name`, `slug`, `short_description`, `description`, `regular_price`, `sale_price`, `SKU`, `stock_status`, `featured`, `quantity`, `image`, `images`, `category_id`, `brand_id`, `created_at`, `updated_at`) VALUES
(3, 'product three', 'product-three', '\"Short Description *\"\"\"', 'Description *', 100.00, 90.00, 'N001', 'instock', 1, 10, '1730390884.jpg', '1730676697-1.jpg,1730676697-2.jpg,1730676697-3.jpg,1730676697-4.jpg,1730676697-5.jpg,1730676697-6.jpg,1730676697-7.jpg,1730676697-8.jpg', 2, 4, '2024-10-31 09:08:05', '2024-11-19 03:00:21'),
(4, 'product four', 'product-four', 'Short Description *\"\"', 'Description *', 100.00, 90.00, 'LC001', 'instock', 1, 10, '1730676746.jpg', '1730676746-1.jpg,1730676746-2.jpg,1730676746-3.jpg,1730676746-4.jpg,1730676746-5.jpg', 1, 3, '2024-11-03 14:40:44', '2024-11-19 03:00:09'),
(5, 'product five', 'product-five', 's des\"\"', 'des', 100.00, 90.00, 'LC001', 'instock', 1, 10, '1730671772.jpg', '1730671772-1.jpg', 2, 2, '2024-11-03 15:09:33', '2024-11-19 02:59:22'),
(6, 'product six', 'product-six', 's des\" update\"\"', 'des update', 200.00, 100.00, 'LC005', 'instock', 1, 10, '1730675560.jpg', '1730675560-1.jpg,1730675560-2.jpg,1730675560-3.jpg', 2, 3, '2024-11-03 15:35:16', '2024-11-19 02:58:45'),
(7, 'product seven', 'product-seven', 's des\" update\"', 'des update', 200.00, 180.00, 'BGL002', 'instock', 1, 11, '1730675673.jpg', '1730675673-1.jpg,1730675673-2.jpg,1730675673-3.jpg', 1, 2, '2024-11-03 16:14:34', '2024-11-19 02:58:33'),
(8, 'product  eight', 'product-eight', 's product  eight\"\"\"', 'product  eight', 100.00, 90.00, 'N002', 'instock', 1, 11, '1730715389.jpg', '1730715389-1.jpg,1730715389-2.jpg,1730715389-3.jpg,1730715389-4.jpg', 1, 2, '2024-11-04 03:16:33', '2024-11-19 02:58:19'),
(10, 'product 10', 'product-10', '\"sdfhghbdg', 'zsdgzdhfghdxhbxfghx', 80.00, 75.00, 'BGL003', 'instock', 1, 10, '1732010640.jpg', '1732010640-1.jpg,1732010640-2.jpg', 2, 3, '2024-11-19 03:04:02', '2024-11-19 03:04:02');

-- --------------------------------------------------------

--
-- Table structure for table `sessions`
--

CREATE TABLE `sessions` (
  `id` varchar(255) NOT NULL,
  `user_id` bigint(20) UNSIGNED DEFAULT NULL,
  `ip_address` varchar(45) DEFAULT NULL,
  `user_agent` text DEFAULT NULL,
  `payload` longtext NOT NULL,
  `last_activity` int(11) NOT NULL
) ENGINE=InnoDB DEFAULT CHARSET=utf8mb4 COLLATE=utf8mb4_unicode_ci;

--
-- Dumping data for table `sessions`
--

INSERT INTO `sessions` (`id`, `user_id`, `ip_address`, `user_agent`, `payload`, `last_activity`) VALUES
('7hpNvGJ8PfJuubU0TGgAL22Lw32FnBL2N6v3FWHu', NULL, '127.0.0.1', 'Mozilla/5.0 (Windows NT 10.0; Win64; x64) AppleWebKit/537.36 (KHTML, like Gecko) Chrome/131.0.0.0 Safari/537.36', 'YTo0OntzOjY6Il90b2tlbiI7czo0MDoiRTM2Nll6ekNwU0dPVDNENmZocXpMU0p4V3BUZ2MwNU5JZzRoYmZyayI7czo2OiJfZmxhc2giO2E6Mjp7czozOiJvbGQiO2E6MDp7fXM6MzoibmV3IjthOjA6e319czo5OiJfcHJldmlvdXMiO2E6MTp7czozOiJ1cmwiO3M6MjY6Imh0dHA6Ly8xMjcuMC4wLjE6ODAwMC9jYXJ0Ijt9czo0OiJjYXJ0IjthOjI6e3M6ODoid2lzaGxpc3QiO086Mjk6IklsbHVtaW5hdGVcU3VwcG9ydFxDb2xsZWN0aW9uIjoyOntzOjg6IgAqAGl0ZW1zIjthOjA6e31zOjI4OiIAKgBlc2NhcGVXaGVuQ2FzdGluZ1RvU3RyaW5nIjtiOjA7fXM6NDoiY2FydCI7TzoyOToiSWxsdW1pbmF0ZVxTdXBwb3J0XENvbGxlY3Rpb24iOjI6e3M6ODoiACoAaXRlbXMiO2E6MDp7fXM6Mjg6IgAqAGVzY2FwZVdoZW5DYXN0aW5nVG9TdHJpbmciO2I6MDt9fX0=', 1732102272);

-- --------------------------------------------------------

--
-- Table structure for table `users`
--

CREATE TABLE `users` (
  `id` bigint(20) UNSIGNED NOT NULL,
  `name` varchar(255) NOT NULL,
  `email` varchar(255) NOT NULL,
  `mobile` varchar(255) NOT NULL,
  `email_verified_at` timestamp NULL DEFAULT NULL,
  `password` varchar(255) NOT NULL,
  `utype` varchar(255) NOT NULL DEFAULT 'USR' COMMENT 'ADM for Admin and USR for User or Customer',
  `remember_token` varchar(100) DEFAULT NULL,
  `created_at` timestamp NULL DEFAULT NULL,
  `updated_at` timestamp NULL DEFAULT NULL
) ENGINE=InnoDB DEFAULT CHARSET=utf8mb4 COLLATE=utf8mb4_unicode_ci;

--
-- Dumping data for table `users`
--

INSERT INTO `users` (`id`, `name`, `email`, `mobile`, `email_verified_at`, `password`, `utype`, `remember_token`, `created_at`, `updated_at`) VALUES
(1, 'admin', 'admin@gmail.com', '083185279521', NULL, '$2y$12$wEpyHU5ra5/VWohZypAY2udZxKkh8PrWJ48oxRcEckwFmfl4td.UK', 'ADM', NULL, '2024-10-17 09:08:47', '2024-10-17 09:08:47'),
(2, 'user', 'user@gmail.com', '081234567890', NULL, '$2y$12$A4g.6qhgPw4q2G8m78217O9ks5KNkpd0/nXzWx6i9zIArTbJbsroG', 'USR', NULL, '2024-10-17 09:11:10', '2024-10-17 09:11:10'),
(3, 'ika', 'ika@gmail.com', '089876543219', NULL, '$2y$12$jur4Yyq1VWDlYO77sRw/EulZD7HFFHxNtld2kXPCvR55rvG5TZLMa', 'ADM', NULL, '2024-10-17 19:38:13', '2024-10-17 19:38:13');

--
-- Indexes for dumped tables
--

--
-- Indexes for table `brands`
--
ALTER TABLE `brands`
  ADD PRIMARY KEY (`id`),
  ADD UNIQUE KEY `brands_slug_unique` (`slug`);

--
-- Indexes for table `cache`
--
ALTER TABLE `cache`
  ADD PRIMARY KEY (`key`);

--
-- Indexes for table `cache_locks`
--
ALTER TABLE `cache_locks`
  ADD PRIMARY KEY (`key`);

--
-- Indexes for table `categories`
--
ALTER TABLE `categories`
  ADD PRIMARY KEY (`id`),
  ADD UNIQUE KEY `categories_slug_unique` (`slug`);

--
-- Indexes for table `failed_jobs`
--
ALTER TABLE `failed_jobs`
  ADD PRIMARY KEY (`id`),
  ADD UNIQUE KEY `failed_jobs_uuid_unique` (`uuid`);

--
-- Indexes for table `jobs`
--
ALTER TABLE `jobs`
  ADD PRIMARY KEY (`id`),
  ADD KEY `jobs_queue_index` (`queue`);

--
-- Indexes for table `job_batches`
--
ALTER TABLE `job_batches`
  ADD PRIMARY KEY (`id`);

--
-- Indexes for table `migrations`
--
ALTER TABLE `migrations`
  ADD PRIMARY KEY (`id`);

--
-- Indexes for table `password_reset_tokens`
--
ALTER TABLE `password_reset_tokens`
  ADD PRIMARY KEY (`email`);

--
-- Indexes for table `products`
--
ALTER TABLE `products`
  ADD PRIMARY KEY (`id`),
  ADD UNIQUE KEY `products_slug_unique` (`slug`),
  ADD KEY `products_category_id_foreign` (`category_id`),
  ADD KEY `products_brand_id_foreign` (`brand_id`);

--
-- Indexes for table `sessions`
--
ALTER TABLE `sessions`
  ADD PRIMARY KEY (`id`),
  ADD KEY `sessions_user_id_index` (`user_id`),
  ADD KEY `sessions_last_activity_index` (`last_activity`);

--
-- Indexes for table `users`
--
ALTER TABLE `users`
  ADD PRIMARY KEY (`id`),
  ADD UNIQUE KEY `users_email_unique` (`email`),
  ADD UNIQUE KEY `users_mobile_unique` (`mobile`);

--
-- AUTO_INCREMENT for dumped tables
--

--
-- AUTO_INCREMENT for table `brands`
--
ALTER TABLE `brands`
  MODIFY `id` bigint(20) UNSIGNED NOT NULL AUTO_INCREMENT, AUTO_INCREMENT=8;

--
-- AUTO_INCREMENT for table `categories`
--
ALTER TABLE `categories`
  MODIFY `id` bigint(20) UNSIGNED NOT NULL AUTO_INCREMENT, AUTO_INCREMENT=4;

--
-- AUTO_INCREMENT for table `failed_jobs`
--
ALTER TABLE `failed_jobs`
  MODIFY `id` bigint(20) UNSIGNED NOT NULL AUTO_INCREMENT;

--
-- AUTO_INCREMENT for table `jobs`
--
ALTER TABLE `jobs`
  MODIFY `id` bigint(20) UNSIGNED NOT NULL AUTO_INCREMENT;

--
-- AUTO_INCREMENT for table `migrations`
--
ALTER TABLE `migrations`
  MODIFY `id` int(10) UNSIGNED NOT NULL AUTO_INCREMENT, AUTO_INCREMENT=18;

--
-- AUTO_INCREMENT for table `products`
--
ALTER TABLE `products`
  MODIFY `id` bigint(20) UNSIGNED NOT NULL AUTO_INCREMENT, AUTO_INCREMENT=11;

--
-- AUTO_INCREMENT for table `users`
--
ALTER TABLE `users`
  MODIFY `id` bigint(20) UNSIGNED NOT NULL AUTO_INCREMENT, AUTO_INCREMENT=4;

--
-- Constraints for dumped tables
--

--
-- Constraints for table `products`
--
ALTER TABLE `products`
  ADD CONSTRAINT `products_brand_id_foreign` FOREIGN KEY (`brand_id`) REFERENCES `brands` (`id`) ON DELETE CASCADE,
  ADD CONSTRAINT `products_category_id_foreign` FOREIGN KEY (`category_id`) REFERENCES `categories` (`id`) ON DELETE CASCADE;
COMMIT;

/*!40101 SET CHARACTER_SET_CLIENT=@OLD_CHARACTER_SET_CLIENT */;
/*!40101 SET CHARACTER_SET_RESULTS=@OLD_CHARACTER_SET_RESULTS */;
/*!40101 SET COLLATION_CONNECTION=@OLD_COLLATION_CONNECTION */;
